NAP,ZW0500Plan,ZW0500Actual,ZW0500Diff,ZW0500kummDIFF,ZW1000Plan,ZW1000Actual,ZW1000Diff,ZW1000kummDIFF,ZW1500Plan,ZW1500Actual,ZW1500Diff,ZW1500kummDIFF,ZBPlan,ZBActual,ZBDiff,ZBkummDiff,ZLPlan,ZLActual,ZLDiff,ZLkummDIFF,TotalPlan,TotalActual,TotalDiff
42736,0,0,0,0,0,0,0,0,0,0,0,0,0,0,0,0,0,0,0,0,0,0,0
42737,0,0,0,0,0,0,0,0,0,0,0,0,0,0,0,0,0,0,0,0,0,0,0
42738,0,83.62,83.62,83.62,0,2.2,2.2,2.2,0,10.8,10.8,10.8,0,4.8,4.8,4.8,0,0,0,0,0,101.42,101.42
42739,0,4.44,4.44,88.06,0,29.7,29.7,31.9,0,31.2,31.2,42,0,0,0,4.8,0,0,0,0,0,65.34,65.34
42740,215,146.42,-68.58,19.48,52.84,15.4,-37.44,-5.54,35.8,20.4,-15.4,26.6,12,0,-12,-7.2,0,0,0,0,315.64,182.22,-133.42
42741,215,206.24,-8.76,10.72,52.84,39.6,-13.24,-18.78,35.8,16.8,-19,7.6,12,0,-12,-19.2,0,0,0,0,315.64,262.64,-53
42742,215,220.06,5.06,15.78,52.84,57.2,4.36,-14.42,35.8,28.8,-7,0.6,12,4.8,-7.2,-26.4,0,0,0,0,315.64,310.86,-4.78
42743,215,186.68,-28.32,-12.54,52.84,55,2.16,-12.26,35.8,13.2,-22.6,-22,12,12.6,0.6,-25.8,0,0,0,0,315.64,267.48,-48.16
42744,215,232.24,17.24,4.7,52.84,63.8,10.96,-1.3,35.8,36,0.2,-21.8,12,9.6,-2.4,-28.2,0,0,0,0,315.64,341.64,26
42745,215,208.24,-6.76,-2.06,52.84,62.7,9.86,8.56,35.8,28.8,-7,-28.8,12,10.2,-1.8,-30,0,0,0,0,315.64,309.94,-5.7
42746,215,201.76,-13.24,-15.3,52.84,47.3,-5.54,3.02,35.8,46.8,11,-17.8,12,16.2,4.2,-25.8,0,0,0,0,315.64,312.06,-3.58
42747,215,176.54,-38.46,-53.76,52.84,37.4,-15.44,-12.42,35.8,40.8,5,-12.8,12,0.6,-11.4,-37.2,0,0,0,0,315.64,255.34,-60.3
42748,215,183.74,-31.26,-85.02,52.84,29.7,-23.14,-35.56,35.8,40.8,5,-7.8,12,21,9,-28.2,0,0,0,0,315.64,275.24,-40.4
42749,215,220.26,5.26,-79.76,52.84,15.4,-37.44,-73,35.8,42,6.2,-1.6,12,12.6,0.6,-27.6,0,0,0,0,315.64,290.26,-25.38
42750,215,207.26,-7.74,-87.5,52.84,48.4,-4.44,-77.44,35.8,49.2,13.4,11.8,12,11.4,-0.6,-28.2,0,0,0,0,315.64,316.26,0.62
42751,215,186.4,-28.6,-116.1,52.84,50.6,-2.24,-79.68,35.8,39.6,3.8,15.6,12,11.4,-0.6,-28.8,0,0,0,0,315.64,288,-27.64
42752,215,239.54,24.54,-91.56,52.84,58.3,5.46,-74.22,35.8,52.8,17,32.6,12,3.6,-8.4,-37.2,0,0,0,0,315.64,354.24,38.6
42753,215,207.88,-7.12,-98.68,52.84,59.4,6.56,-67.66,35.8,38.4,2.6,35.2,12,0,-12,-49.2,0,0,0,0,315.64,305.68,-9.96
42754,215,216.22,1.22,-97.46,52.84,48.4,-4.44,-72.1,35.8,46.8,11,46.2,12,31.8,19.8,-29.4,0,0,0,0,315.64,343.22,27.58
42755,215,190.86,-24.14,-121.6,52.84,50.6,-2.24,-74.34,35.8,39.6,3.8,50,12,11.4,-0.6,-30,0,0,0,0,315.64,292.46,-23.18
42756,215,202.34,-12.66,-134.26,52.84,47.3,-5.54,-79.88,35.8,33.6,-2.2,47.8,12,15.6,3.6,-26.4,0,0,0,0,315.64,298.84,-16.8
42757,215,191.52,-23.48,-157.74,52.84,58.3,5.46,-74.42,35.8,40.8,5,52.8,12,1.2,-10.8,-37.2,0,0,0,0,315.64,291.82,-23.82
42758,215,212.5,-2.5,-160.24,52.84,53.9,1.06,-73.36,35.8,42,6.2,59,12,25.2,13.2,-24,0,0,0,0,315.64,333.6,17.96
42759,215,202.98,-12.02,-172.26,52.84,72.6,19.76,-53.6,35.8,26.4,-9.4,49.6,12,14.4,2.4,-21.6,0,0,0,0,315.64,316.38,0.74
42760,215,200.76,-14.24,-186.5,52.84,67.1,14.26,-39.34,35.8,67.2,31.4,81,12,9,-3,-24.6,0,0,0,0,315.64,344.06,28.42
42761,215,92.94,-122.06,-308.56,52.84,38.5,-14.34,-53.68,35.8,25.2,-10.6,70.4,12,7.2,-4.8,-29.4,0,0,0,0,315.64,163.84,-151.8
42762,215,306.841,91.841,-216.719,52.84,63.8,10.96,-42.72,35.8,67.2,31.4,101.8,12,19.2,7.2,-22.2,0,0,0,0,315.64,457.041,141.401
42763,215,234.82,19.82,-196.899,52.84,56.1,3.26,-39.46,35.8,43.2,7.4,109.2,12,12,0,-22.2,0,0,0,0,315.64,346.12,30.48
42764,215,219.86,4.86,-192.039,52.84,60.5,7.66,-31.8,35.8,32.4,-3.4,105.8,12,12.6,0.6,-21.6,0,0,0,0,315.64,325.36,9.72
42765,215,218.24,3.24,-188.799,52.84,62.7,9.86,-21.94,35.8,39.6,3.8,109.6,12,9.6,-2.4,-24,0,0,0,0,315.64,330.14,14.5
42766,215,175.56,-39.44,-228.239,52.84,48.4,-4.44,-26.38,35.8,28.8,-7,102.6,12,10.2,-1.8,-25.8,0,0,0,0,315.64,262.96,-52.68
42767,215,132.78,-82.22,-310.459,52.84,31.9,-20.94,-47.32,35.8,19.2,-16.6,86,12,10.2,-1.8,-27.6,0,0,0,0,315.64,194.08,-121.56
42768,215,332.4,117.4,-193.059,52.84,103.7,50.86,3.54,35.8,85.2,49.4,135.4,12,18,6,-21.6,0,0,0,0,315.64,539.3,223.66
42769,215,178.66,-36.34,-229.399,52.84,56.3,3.46,7,35.8,19.2,-16.6,118.8,12,14.4,2.4,-19.2,0,0,0,0,315.64,268.56,-47.08
42770,215,200.78,-14.22,-243.619,52.84,38.9,-13.94,-6.94,35.8,26.4,-9.4,109.4,12,13.8,1.8,-17.4,0,0,0,0,315.64,279.88,-35.76
42771,215,199.7,-15.3,-258.919,52.84,33.3,-19.54,-26.48,35.8,50.4,14.6,124,12,3.6,-8.4,-25.8,0,0,0,0,315.64,287,-28.64
42772,215,207.36,-7.64,-266.559,52.84,42.3,-10.54,-37.02,35.8,38.4,2.6,126.6,12,24,12,-13.8,0,0,0,0,315.64,312.06,-3.58
42773,215,209.24,-5.76,-272.319,52.84,37.8,-15.04,-52.06,35.8,36,0.2,126.8,12,12,0,-13.8,0,0,0,0,315.64,295.04,-20.6
42774,215,232.58,17.58,-254.739,52.84,65.7,12.86,-39.2,35.8,37.2,1.4,128.2,12,17.4,5.4,-8.4,0,0,0,0,315.64,352.88,37.24
42775,215,219.14,4.14,-250.599,52.84,46.8,-6.04,-45.24,35.8,50.4,14.6,142.8,12,14.4,2.4,-6,0,0,0,0,315.64,330.74,15.1
42776,215,192.58,-22.42,-273.019,52.84,47.5,-5.34,-50.58,35.8,44.4,8.6,151.4,12,10.8,-1.2,-7.2,0,0,0,0,315.64,295.28,-20.36
42777,215,181.38,-33.62,-306.639,52.84,52.1,-0.74,-51.32,35.8,31.2,-4.6,146.8,12,8.4,-3.6,-10.8,0,0,0,0,315.64,273.08,-42.56
42778,215,278.76,63.76,-242.879,52.84,65.8,12.96,-38.36,35.8,45.6,9.8,156.6,12,15,3,-7.8,0,0,0,0,315.64,405.16,89.52
42779,215,221.52,6.52,-236.359,52.84,43.1,-9.74,-48.1,35.8,48,12.2,168.8,12,13.8,1.8,-6,0,0,0,0,315.64,326.42,10.78
42780,215,215.48,0.48,-235.879,52.84,53.9,1.06,-47.04,35.8,38.4,2.6,171.4,12,13.8,1.8,-4.2,0,0,0,0,315.64,321.58,5.94
42781,215,225.98,10.98,-224.899,52.84,37.4,-15.44,-62.48,35.8,38.4,2.6,174,12,14.4,2.4,-1.8,0,0,0,0,315.64,316.18,0.54
42782,215,216.36,1.36,-223.539,52.84,33,-19.84,-82.32,35.8,36,0.2,174.2,12,21.6,9.6,7.8,0,0,0,0,315.64,306.96,-8.68
42783,215,184.02,-30.98,-254.519,52.84,57.2,4.36,-77.96,35.8,44.4,8.6,182.8,12,8.4,-3.6,4.2,0,0,0,0,315.64,294.02,-21.62
42784,215,158.98,-56.02,-310.539,52.84,49.5,-3.34,-81.3,35.8,31.2,-4.6,178.2,12,0,-12,-7.8,0,0,0,0,315.64,239.68,-75.96
42785,215,268.4,53.4,-257.139,52.84,49.5,-3.34,-84.64,35.8,66,30.2,208.4,12,0,-12,-19.8,0,0,0,0,315.64,383.9,68.26
42786,215,217.32,2.32,-254.819,52.84,49.5,-3.34,-87.98,35.8,54,18.2,226.6,12,49.2,37.2,17.4,0,0,0,0,315.64,370.02,54.38
42787,215,226.66,11.66,-243.159,52.84,39.6,-13.24,-101.22,35.8,50.4,14.6,241.2,12,9,-3,14.4,0,0,0,0,315.64,325.66,10.02
42788,215,217.06,2.06,-241.099,52.84,39.6,-13.24,-114.46,35.8,51.6,15.8,257,12,0,-12,2.4,0,0,0,0,315.64,308.26,-7.38
42789,215,200.68,-14.32,-255.419,52.84,40.7,-12.14,-126.6,35.8,44.4,8.6,265.6,12,37.2,25.2,27.6,0,0,0,0,315.64,322.98,7.34
42790,215,206.64,-8.36,-263.779,52.84,41.8,-11.04,-137.64,35.8,52.8,17,282.6,12,8.4,-3.6,24,0,0,0,0,315.64,309.64,-6
42791,215,168.9,-46.1,-309.879,52.84,44,-8.84,-146.48,35.8,34.8,-1,281.6,12,7.8,-4.2,19.8,0,0,0,0,315.64,255.5,-60.14
42792,215,257.18,42.18,-267.699,52.84,66,13.16,-133.32,35.8,58.8,23,304.6,12,5.4,-6.6,13.2,0,0,0,0,315.64,387.38,71.74
42793,215,209.5,-5.5,-273.199,52.84,45.1,-7.74,-141.06,35.8,31.2,-4.6,300,12,24.6,12.6,25.8,0,0,0,0,315.64,310.4,-5.24
42794,215,155.82,-59.18,-332.379,52.84,23.1,-29.74,-170.8,35.8,21.6,-14.2,285.8,12,8.4,-3.6,22.2,0,0,0,0,315.64,208.92,-106.72
42795,215,288.8,73.8,-258.579,52.84,81.4,28.56,-142.24,35.8,54,18.2,304,12,13.8,1.8,24,0,0,0,0,315.64,438,122.36
42796,215,191.7,-23.3,-281.879,52.84,60.5,7.66,-134.58,35.8,43.2,7.4,311.4,12,12,0,24,0,0,0,0,315.64,307.4,-8.24
42797,215,178.08,-36.92,-318.799,52.84,47.3,-5.54,-140.12,35.8,26.4,-9.4,302,12,7.8,-4.2,19.8,0,0,0,0,315.64,259.58,-56.06
42798,215,165.56,-49.44,-368.239,52.84,52.8,-0.04,-140.16,35.8,32.4,-3.4,298.6,12,21,9,28.8,0,0,0,0,315.64,271.76,-43.88
42799,215,267.92,52.92,-315.319,52.84,75.9,23.06,-117.1,35.8,49.2,13.4,312,12,23.4,11.4,40.2,0,0,0,0,315.64,416.42,100.78
42800,215,225.38,10.38,-304.939,52.84,60.5,7.66,-109.44,35.8,55.2,19.4,331.4,12,20.4,8.4,48.6,0,0,0,0,315.64,361.48,45.84
42801,215,197.18,-17.82,-322.759,52.84,47.3,-5.54,-114.98,35.8,46.8,11,342.4,12,11.4,-0.6,48,0,0,0,0,315.64,302.68,-12.96
42802,215,198.84,-16.16,-338.919,52.84,44,-8.84,-123.82,35.8,30,-5.8,336.6,12,8.4,-3.6,44.4,0,0,0,0,315.64,281.24,-34.4
42803,215,220.06,5.06,-333.859,52.84,56.1,3.26,-120.56,35.8,27.6,-8.2,328.4,12,12.6,0.6,45,0,0,0,0,315.64,316.36,0.72
42804,215,216.1,1.1,-332.759,52.84,50.6,-2.24,-122.8,35.8,-12,-47.8,280.6,12,16.2,4.2,49.2,0,0,0,0,315.64,270.9,-44.74
42805,215,152.22,-62.78,-395.539,52.84,33,-19.84,-142.64,35.8,16.8,-19,261.6,12,9,-3,46.2,0,0,0,0,315.64,211.02,-104.62
42806,215,234.1,19.1,-376.439,52.84,58.3,5.46,-137.18,35.8,27.6,-8.2,253.4,12,12,0,46.2,0,0,0,0,315.64,332,16.36
42807,215,205.72,-9.28,-385.719,52.84,59.4,6.56,-130.62,35.8,38.4,2.6,256,12,16.2,4.2,50.4,0,0,0,0,315.64,319.72,4.08
42808,215,222.74,7.74,-377.979,52.84,60.5,7.66,-122.96,35.8,30,-5.8,250.2,12,15,3,53.4,0,0,0,0,315.64,328.24,12.6
42809,215,218.2,3.2,-374.779,52.84,47.3,-5.54,-128.5,35.8,27.6,-8.2,242,12,16.8,4.8,58.2,0,0,0,0,315.64,309.9,-5.74
42810,215,247,32,-342.779,52.84,62.7,9.86,-118.64,35.8,58.8,23,265,12,11.4,-0.6,57.6,0,0,0,0,315.64,379.9,64.26
42811,215,249.4,34.4,-308.379,52.84,28.2,-24.64,-143.28,35.8,19.2,-16.6,248.4,12,12,0,57.6,0,0,0,0,315.64,308.8,-6.84
42812,215,172.82,-42.18,-350.559,52.84,36.9,-15.94,-159.22,35.8,24,-11.8,236.6,12,12,0,57.6,0,0,0,0,315.64,245.72,-69.92
42813,215,272.2,57.2,-293.359,52.84,59.4,6.56,-152.66,35.8,44.4,8.6,245.2,12,6,-6,51.6,0,0,0,0,315.64,382,66.36
42814,215,176.96,-38.04,-331.399,52.84,60.8,7.96,-144.7,35.8,34.8,-1,244.2,12,18.6,6.6,58.2,0,0,0,0,315.64,291.16,-24.48
42815,215,198.3,-16.7,-348.099,52.84,58.3,5.46,-139.24,35.8,28.8,-7,237.2,12,23.4,11.4,69.6,0,0,0,0,315.64,308.8,-6.84
42816,215,189.02,-25.98,-374.079,52.84,60.3,7.46,-131.78,35.8,38.4,2.6,239.8,12,15.6,3.6,73.2,0,0,0,0,315.64,303.32,-12.32
42817,215,173.08,-41.92,-415.999,52.84,58.3,5.46,-126.32,35.8,45.6,9.8,249.6,12,19.2,7.2,80.4,0,0,0,0,315.64,296.18,-19.46
42818,215,177.82,-37.18,-453.179,52.84,47.3,-5.54,-131.86,35.8,42,6.2,255.8,12,4.2,-7.8,72.6,0,0,0,0,315.64,271.32,-44.32
42819,215,141.5,-73.5,-526.679,52.84,36.3,-16.54,-148.4,35.8,25.2,-10.6,245.2,12,13.8,1.8,74.4,0,0,0,0,315.64,216.8,-98.84
42820,215,246.56,31.56,-495.119,52.84,60.5,7.66,-140.74,35.8,36,0.2,245.4,12,19.2,7.2,81.6,0,0,0,0,315.64,362.26,46.62
42821,215,195.56,-19.44,-514.559,52.84,60.5,7.66,-133.08,35.8,26.4,-9.4,236,12,16.2,4.2,85.8,0,0,0,0,315.64,298.66,-16.98
42822,215,203.3,-11.7,-526.259,52.84,74.8,21.96,-111.12,35.8,25.2,-10.6,225.4,12,11.4,-0.6,85.2,0,0,0,0,315.64,314.7,-0.94
42823,215,179.56,-35.44,-561.699,52.84,81.4,28.56,-82.56,35.8,34.8,-1,224.4,12,15.6,3.6,88.8,0,0,0,0,315.64,311.36,-4.28
42824,215,119.42,-95.58,-657.279,52.84,77,24.16,-58.4,35.8,27.6,-8.2,216.2,12,14.4,2.4,91.2,0,0,0,0,315.64,238.42,-77.22
42825,215,92.56,-122.44,-779.719,52.84,42.9,-9.94,-68.34,35.8,24,-11.8,204.4,12,3.6,-8.4,82.8,0,0,0,0,315.64,163.06,-152.58
42826,221.37,228.84,7.47,7.47,52.84,91.3,38.46,38.46,38,45.6,7.6,7.6,13.2,13.8,0.6,0.6,0,0,0,0,325.41,379.54,54.13
42827,221.37,132.12,-89.25,-81.78,52.84,44,-8.84,29.62,38,26.4,-11.6,-4,13.2,6.6,-6.6,-6,0,0,0,0,325.41,209.12,-116.29
42828,221.37,274.82,53.45,-28.33,52.84,88,35.16,64.78,38,43.2,5.2,1.2,13.2,17.4,4.2,-1.8,0,0,0,0,325.41,423.42,98.01
42829,221.37,213.34,-8.03,-36.36,52.84,74.8,21.96,86.74,38,38.4,0.4,1.6,13.2,9,-4.2,-6,0,0,0,0,325.41,335.54,10.13
42830,221.37,216.12,-5.25,-41.61,52.84,71.5,18.66,105.4,38,42,4,5.6,13.2,9,-4.2,-10.2,0,0,0,0,325.41,338.62,13.21
42831,221.37,230.58,9.21,-32.4,52.84,72.6,19.76,125.16,38,37.2,-0.8,4.8,0,7.8,7.8,-2.4,9.6,0,-9.6,-9.6,321.81,348.18,26.37
42832,221.37,228.86,7.49,-24.91,52.84,64.9,12.06,137.22,38,39.6,1.6,6.4,0,9,9,6.6,9.6,0,-9.6,-19.2,321.81,342.36,20.55
42833,221.37,174.44,-46.93,-71.84,52.84,45.1,-7.74,129.48,38,30,-8,-1.6,0,0,0,6.6,9.6,0,-9.6,-28.8,321.81,249.54,-72.27
42834,221.37,266.32,44.95,-26.89,52.84,53.9,1.06,130.54,38,61.2,23.2,21.6,0,0,0,6.6,9.6,4,-5.6,-34.4,321.81,385.42,63.61
42835,221.37,222.58,1.21,-25.68,52.84,41.8,-11.04,119.5,38,48,10,31.6,0,-6,-6,0.6,9.6,0,-9.6,-44,321.81,306.38,-15.43
42836,221.37,201.16,-20.21,-45.89,52.84,61.6,8.76,128.26,38,38.4,0.4,32,0,0,0,0.6,9.6,9.6,0,-44,321.81,310.76,-11.05
42837,221.37,241.82,20.45,-25.44,52.84,49.5,-3.34,124.92,38,34.8,-3.2,28.8,0,-0.6,-0.6,-1.0103E-14,9.6,10.4,0.8,-43.2,321.81,335.92,14.11
42838,221.37,246.48,25.11,-0.33,52.84,52.8,-0.04,124.88,38,51.6,13.6,42.4,0,1.8,1.8,1.8,9.6,16,6.4,-36.8,321.81,368.68,46.87
42839,221.37,236.28,14.91,14.58,52.84,51.7,-1.14,123.74,38,42,4,46.4,0,0,0,1.8,9.6,8,-1.6,-38.4,321.81,337.98,16.17
42840,221.37,177.96,-43.41,-28.83,52.84,25.3,-27.54,96.2,38,33.6,-4.4,42,0,0,0,1.8,9.6,3.2,-6.4,-44.8,321.81,240.06,-81.75
42841,221.37,272.72,51.35,22.52,52.84,57.2,4.36,100.56,38,54,16,58,0,0,0,1.8,9.6,15.2,5.6,-39.2,321.81,399.12,77.31
42842,221.37,219.26,-2.11,20.41,52.84,55,2.16,102.72,38,42,4,62,0,0,0,1.8,9.6,12.8,3.2,-36,321.81,329.06,7.25
42843,221.37,216.96,-4.41,16,52.84,44,-8.84,93.88,38,44.4,6.4,68.4,0,0,0,1.8,9.6,10.4,0.8,-35.2,321.81,315.76,-6.05
42844,221.37,198.96,-22.41,-6.41,52.84,64.9,12.06,105.94,38,33.6,-4.4,64,0,0,0,1.8,9.6,8.8,-0.8,-36,321.81,306.26,-15.55
42845,221.37,220.92,-0.45,-6.86,52.84,72.4,19.56,125.5,38,38.4,0.4,64.4,0,-1.2,-1.2,0.6,9.6,5.6,-4,-40,321.81,336.12,14.31
42846,221.37,226.84,5.47,-1.39,52.84,64.9,12.06,137.56,38,45.6,7.6,72,0,0,0,0.6,9.6,12.8,3.2,-36.8,321.81,350.14,28.33
42847,221.37,187.42,-33.95,-35.34,52.84,41.8,-11.04,126.52,38,32.4,-5.6,66.4,0,0,0,0.6,9.6,7.2,-2.4,-39.2,321.81,268.82,-52.99
42848,221.37,236.14,14.77,-20.57,52.84,80.3,27.46,153.98,38,13.2,-24.8,41.6,0,0,0,0.6,9.6,15.2,5.6,-33.6,321.81,344.84,23.03
42849,221.37,185.82,-35.55,-56.12,52.84,56.1,3.26,157.24,38,50.4,12.4,54,0,0,0,0.6,9.6,17.6,8,-25.6,321.81,309.92,-11.89
42850,221.37,234.58,13.21,-42.91,52.84,35.2,-17.64,139.6,38,56.4,18.4,72.4,0,0,0,0.6,9.6,16,6.4,-19.2,321.81,342.18,20.37
42851,221.37,219.7,-1.67,-44.58,52.84,49.5,-3.34,136.26,38,37.2,-0.8,71.6,0,0,0,0.6,9.6,1.6,-8,-27.2,321.81,308,-13.81
42852,221.37,197.52,-23.85,-68.43,52.84,2.2,-50.64,85.62,38,51.6,13.6,85.2,0,0,0,0.6,9.6,16,6.4,-20.8,321.81,267.32,-54.49
42853,221.37,239.84,18.47,-49.96,52.84,63.8,10.96,96.58,38,44.4,6.4,91.6,0,0,0,0.6,9.6,7.2,-2.4,-23.2,321.81,355.24,33.43
42854,221.37,150.84,-70.53,-120.49,52.84,26.4,-26.44,70.14,38,31.2,-6.8,84.8,0,0,0,0.6,9.6,9.6,0,-23.2,321.81,218.04,-103.77
42855,221.37,197.3,-24.07,-144.56,52.84,41.8,-11.04,59.1,38,43.2,5.2,90,0,0,0,0.6,9.6,8.8,-0.8,-24,321.81,291.1,-30.71
42856,221.37,245.5,24.13,-120.43,52.84,82.5,29.66,88.76,38,67.2,29.2,119.2,0,0,0,0.6,9.6,11.2,1.6,-22.4,321.81,406.4,84.59
42857,221.37,207.04,-14.33,-134.76,52.84,40.7,-12.14,76.62,38,55.2,17.2,136.4,0,0,0,0.6,9.6,9.6,0,-22.4,321.81,312.54,-9.27
42858,221.37,217.8,-3.57,-138.33,52.84,50.6,-2.24,74.38,38,40.8,2.8,139.2,0,0,0,0.6,9.6,10.4,0.8,-21.6,321.81,319.6,-2.21
42859,221.37,209.58,-11.79,-150.12,52.84,63.8,10.96,85.34,38,33.6,-4.4,134.8,0,0,0,0.6,9.6,11.2,1.6,-20,321.81,318.18,-3.63
42860,221.37,221.36,-0.01,-150.13,52.84,63.8,10.96,96.3,38,25.2,-12.8,122,0,0,0,0.6,9.6,6.4,-3.2,-23.2,321.81,316.76,-5.05
42861,221.37,179.92,-41.45,-191.58,52.84,36.3,-16.54,79.76,38,2.4,-35.6,86.4,0,0,0,0.6,0,9.6,9.6,-13.6,312.21,228.22,-83.99
42862,221.37,219.44,-1.93,-193.51,52.84,36.3,-16.54,63.22,38,12,-26,60.4,0,0,0,0.6,0,14.4,14.4,0.8,312.21,282.14,-30.07
42863,221.37,229.88,8.51,-185,52.84,19.8,-33.04,30.18,38,42,4,64.4,0,0,0,0.6,0,8.8,8.8,9.6,312.21,300.48,-11.73
42864,221.37,204.44,-16.93,-201.93,52.84,58.3,5.46,35.64,38,45.6,7.6,72,0,0,0,0.6,0,1.6,1.6,11.2,312.21,309.94,-2.27
42865,221.37,223.88,2.51,-199.42,52.84,58.3,5.46,41.1,38,30,-8,64,0,0,0,0.6,0,4.8,4.8,16,312.21,316.98,4.77
42866,221.37,211.42,-9.95,-209.37,52.84,63.8,10.96,52.06,38,37.2,-0.8,63.2,0,0,0,0.6,9.6,-1.6,-11.2,4.8,321.81,310.82,-10.99
42867,221.37,247.68,26.31,-183.06,52.84,48.4,-4.44,47.62,38,16.8,-21.2,42,0,0,0,0.6,9.6,6.4,-3.2,1.6,321.81,319.28,-2.53
42868,221.37,247.864,26.494,-156.566,52.84,59.4,6.56,54.18,38,34.8,-3.2,38.8,0,0,0,0.6,9.6,3.2,-6.4,-4.8,321.81,345.264,23.454
42869,221.37,231,9.63,-146.936,52.84,40.7,-12.14,42.04,38,26.4,-11.6,27.2,0,0,0,0.6,9.6,2.4,-7.2,-12,321.81,300.5,-21.31
42870,221.37,227.44,6.07,-140.866,52.84,62.7,9.86,51.9,38,24,-14,13.2,0,0,0,0.6,9.6,8.8,-0.8,-12.8,321.81,322.94,1.13
42871,221.37,227.66,6.29,-134.576,52.84,64.9,12.06,63.96,38,16.8,-21.2,-8,0,0,0,0.6,9.6,12,2.4,-10.4,321.81,321.36,-0.45
42872,221.37,206.64,-14.73,-149.306,52.84,60.5,7.66,71.62,38,51.6,13.6,5.6,0,0,0,0.6,9.6,5.6,-4,-14.4,321.81,324.34,2.53
42873,221.37,203.54,-17.83,-167.136,52.84,67.1,14.26,85.88,38,40.8,2.8,8.4,0,0,0,0.6,9.6,2.4,-7.2,-21.6,321.81,313.84,-7.97
42874,221.37,227.36,5.99,-161.146,52.84,41.8,-11.04,74.84,38,19.2,-18.8,-10.4,0,0,0,0.6,9.6,6.4,-3.2,-24.8,321.81,294.76,-27.05
42875,221.37,193.36,-28.01,-189.156,52.84,44,-8.84,66,38,39.6,1.6,-8.8,0,0,0,0.6,9.6,12.8,3.2,-21.6,321.81,289.76,-32.05
42876,221.37,17.28,-204.09,-393.246,52.84,6.6,-46.24,19.76,38,2.4,-35.6,-44.4,0,0,0,0.6,9.6,8,-1.6,-23.2,321.81,34.28,-287.53
42877,221.37,183.24,-38.13,-431.376,52.84,11,-41.84,-22.08,38,40.8,2.8,-41.6,0,0,0,0.6,9.6,10.4,0.8,-22.4,321.81,245.44,-76.37
42878,221.37,245.1,23.73,-407.646,52.84,80.3,27.46,5.38,38,48,10,-31.6,0,0,0,0.6,9.6,12.8,3.2,-19.2,321.81,386.2,64.39
42879,221.37,236.82,15.45,-392.196,52.84,38.5,-14.34,-8.96,38,42,4,-27.6,0,0,0,0.6,9.6,10.4,0.8,-18.4,321.81,327.72,5.91
42880,221.37,178.16,-43.21,-435.406,52.84,0,-52.84,-61.8,38,43.2,5.2,-22.4,0,0,0,0.6,9.6,13.6,4,-14.4,321.81,234.96,-86.85
42881,221.37,125.1,-96.27,-531.676,52.84,20.9,-31.94,-93.74,38,27.6,-10.4,-32.8,0,0,0,0.6,9.6,9.6,0,-14.4,321.81,183.2,-138.61
42882,221.37,251.986,30.616,-501.06,52.84,21.7,-31.14,-124.88,38,46.8,8.8,-24,0,0,0,0.6,9.6,15.2,5.6,-8.8,321.81,335.686,13.876
42883,221.37,215.08,-6.29,-507.35,52.84,54,1.16,-123.72,38,22.8,-15.2,-39.2,0,0,0,0.6,9.6,7.2,-2.4,-11.2,321.81,299.08,-22.73
42884,221.37,222.052,0.682,-506.668,52.84,40.2,-12.64,-136.36,38,34.8,-3.2,-42.4,0,0,0,0.6,9.6,5.6,-4,-15.2,321.81,302.652,-19.158
42885,221.37,215.88,-5.49,-512.158,52.84,36.8,-16.04,-152.4,38,36,-2,-44.4,0,0,0,0.6,9.6,8,-1.6,-16.8,321.81,296.68,-25.13
42886,221.37,137.9,-83.47,-595.628,52.84,32.6,-20.24,-172.64,38,30,-8,-52.4,0,0,0,0.6,9.6,9.6,0,-16.8,321.81,210.1,-111.71
42887,221.37,277.1,55.73,-539.898,52.84,59.4,6.56,-166.08,38,28.8,-9.2,-61.6,0,0,0,0.6,9.6,11.2,1.6,-15.2,321.81,376.5,54.69
42888,221.37,217.6,-3.77,-543.668,52.84,45,-7.84,-173.92,38,33.6,-4.4,-66,0,0,0,0.6,9.6,19.2,9.6,-5.6,321.81,315.4,-6.41
42889,221.37,171.54,-49.83,-593.498,52.84,10.5,-42.34,-216.26,38,30,-8,-74,0,0,0,0.6,9.6,8.8,-0.8,-6.4,321.81,220.84,-100.97
42890,221.37,250.98,29.61,-563.888,52.84,66,13.16,-203.1,38,49.2,11.2,-62.8,0,0,0,0.6,9.6,9.6,0,-6.4,321.81,375.78,53.97
42891,221.37,205.48,-15.89,-579.778,52.84,54.8,1.96,-201.14,38,48,10,-52.8,0,0,0,0.6,9.6,16.8,7.2,0.8,321.81,325.08,3.27
42892,221.37,211.52,-9.85,-589.628,52.84,55.9,3.06,-198.08,38,34.8,-3.2,-56,0,0,0,0.6,9.6,15.2,5.6,6.4,321.81,317.42,-4.39
42893,221.37,235.52,14.15,-575.478,52.84,61.7,8.86,-189.22,38,36,-2,-58,0,0,0,0.6,9.6,8,-1.6,4.8,321.81,341.22,19.41
42894,221.37,216.96,-4.41,-579.888,52.84,64.9,12.06,-177.16,38,39.6,1.6,-56.4,0,0,0,0.6,9.6,11.2,1.6,6.4,321.81,332.66,10.85
42895,221.37,217.4,-3.97,-583.858,52.84,63.8,10.96,-166.2,38,32.4,-5.6,-62,0,0,0,0.6,9.6,9.6,0,6.4,321.81,323.2,1.39
42896,221.37,224.22,2.85,-581.008,52.84,66,13.16,-153.04,38,46.8,8.8,-53.2,0,0,0,0.6,9.6,5.6,-4,2.4,321.81,342.62,20.81
42897,221.37,220.1,-1.27,-582.278,52.84,62.7,9.86,-143.18,38,45.6,7.6,-45.6,0,0,0,0.6,9.6,6.4,-3.2,-0.8,321.81,334.8,12.99
42898,221.37,229.202,7.832,-574.446,52.84,50.6,-2.24,-145.42,38,45.6,7.6,-38,0,0,0,0.6,9.6,5.6,-4,-4.8,321.81,331.002,9.192
42899,221.37,231.62,10.25,-564.196,52.84,61.6,8.76,-136.66,38,46.8,8.8,-29.2,0,0,0,0.6,9.6,9.6,0,-4.8,321.81,349.62,27.81
42900,221.37,212.42,-8.95,-573.146,52.84,74.8,21.96,-114.7,38,30,-8,-37.2,0,0,0,0.6,9.6,12.8,3.2,-1.6,321.81,330.02,8.21
42901,221.37,209.7,-11.67,-584.816,52.84,57.2,4.36,-110.34,38,33.6,-4.4,-41.6,0,0,0,0.6,9.6,8,-1.6,-3.2,321.81,308.5,-13.31
42902,221.37,197.578,-23.792,-608.608,52.84,60.5,7.66,-102.68,38,20.4,-17.6,-59.2,0,0,0,0.6,9.6,0.8,-8.8,-12,321.81,279.278,-42.532
42903,221.37,86.34,-135.03,-743.638,52.84,27.5,-25.34,-128.02,38,2.4,-35.6,-94.8,0,0,0,0.6,9.6,9.6,0,-12,321.81,125.84,-195.97
42904,221.37,303.52,82.15,-661.488,52.84,96.8,43.96,-84.06,38,55.2,17.2,-77.6,0,0,0,0.6,9.6,12.8,3.2,-8.8,321.81,468.32,146.51
42905,221.37,189.62,-31.75,-693.238,52.84,69.3,16.46,-67.6,38,45.6,7.6,-70,0,0,0,0.6,9.6,10.4,0.8,-8,321.81,314.92,-6.89
42906,221.37,205.54,-15.83,-709.068,52.84,72.6,19.76,-47.84,38,52.8,14.8,-55.2,0,0,0,0.6,9.6,16,6.4,-1.6,321.81,346.94,25.13
42907,221.37,242.66,21.29,-687.778,52.84,59.4,6.56,-41.28,38,54,16,-39.2,0,0,0,0.6,9.6,10.4,0.8,-0.8,321.81,366.46,44.65
42908,221.37,164.94,-56.43,-744.208,52.84,62.7,9.86,-31.42,38,42,4,-35.2,0,0,0,0.6,9.6,12.8,3.2,2.4,321.81,282.44,-39.37
42909,221.37,196.88,-24.49,-768.698,52.84,38.5,-14.34,-45.76,38,34.8,-3.2,-38.4,0,0,0,0.6,9.6,12.8,3.2,5.6,321.81,282.98,-38.83
42910,221.37,211.56,-9.81,-778.508,52.84,58.3,5.46,-40.3,38,38.4,0.4,-38,0,0,0,0.6,9.6,12.8,3.2,8.8,321.81,321.06,-0.75
42911,221.37,244.26,22.89,-755.618,52.84,57.2,4.36,-35.94,38,48,10,-28,0,0,0,0.6,9.6,10.4,0.8,9.6,321.81,359.86,38.05
42912,221.37,218.52,-2.85,-758.468,52.84,74.9,22.06,-13.88,38,43.2,5.2,-22.8,0,0,0,0.6,9.6,1.6,-8,1.6,321.81,338.22,16.41
42913,221.37,165.44,-55.93,-814.398,52.84,42.9,-9.94,-23.82,38,25.2,-12.8,-35.6,0,0,0,0.6,9.6,13.6,4,5.6,321.81,247.14,-74.67
42914,221.37,272.7,51.33,-763.068,52.84,74.8,21.96,-1.86,38,38.4,0.4,-35.2,0,0,0,0.6,9.6,8.8,-0.8,4.8,321.81,394.7,72.89
42915,221.37,203.72,-17.65,-780.718,52.84,60.5,7.66,5.8,38,45.6,7.6,-27.6,0,0,0,0.6,9.6,12.8,3.2,8,321.81,322.62,0.81
42916,221.37,141.88,-79.49,-860.208,52.84,46.2,-6.64,-0.84,38,28.8,-9.2,-36.8,0,0,0,0.6,9.6,4,-5.6,2.4,321.81,220.88,-100.93
42917,206,279.02,73.02,73.02,55.5,81.4,25.9,25.9,45,60,15,15,0,0,0,0,12,13.6,1.6,1.6,318.5,434.02,115.52
42918,206,206.42,0.42,73.44,55.5,56.1,0.6,26.5,45,51.6,6.6,21.6,0,0,0,0,12,12.8,0.8,2.4,318.5,326.92,8.42
42919,206,217.74,11.74,85.18,55.5,48.4,-7.1,19.4,45,50.4,5.4,27,0,0,0,0,12,12.8,0.8,3.2,318.5,329.34,10.84
42920,206,210.24,4.24,89.42,55.5,67.1,11.6,31,45,40.8,-4.2,22.8,0,0,0,0,12,13.6,1.6,4.8,318.5,331.74,13.24
42921,206,211.72,5.72,95.14,55.5,27.5,-28,3,45,38.4,-6.6,16.2,0,0,0,0,12,8.8,-3.2,1.6,318.5,286.42,-32.08
42922,206,187.96,-18.04,77.1,55.5,48.4,-7.1,-4.1,45,39.6,-5.4,10.8,0,0,0,0,12,13.6,1.6,3.2,318.5,289.56,-28.94
42923,206,206.1,0.1,77.2,55.5,49.5,-6,-10.1,45,45.6,0.6,11.4,0,0,0,0,12,7.2,-4.8,-1.6,318.5,308.4,-10.1
42924,206,139.98,-66.02,11.18,55.5,30.8,-24.7,-34.8,45,27.6,-17.4,-6,0,0,0,0,12,17.6,5.6,4,318.5,215.98,-102.52
42925,206,280.86,74.86,86.04,55.5,63.8,8.3,-26.5,45,49.2,4.2,-1.8,0,0,0,0,12,19.2,7.2,11.2,318.5,413.06,94.56
42926,206,234.54,28.54,114.58,55.5,60.5,5,-21.5,45,51.6,6.6,4.8,0,0,0,0,12,10.4,-1.6,9.6,318.5,357.04,38.54
42927,206,192.92,-13.08,101.5,55.5,45.1,-10.4,-31.9,45,37.2,-7.8,-3,0,0,0,0,12,9.6,-2.4,7.2,318.5,284.82,-33.68
42928,206,248.8,42.8,144.3,55.5,92.4,36.9,5,45,48,3,2.66454E-13,0,0,0,0,12,19.2,7.2,14.4,318.5,408.4,89.9
42929,206,122.72,-83.28,61.02,55.5,40.7,-14.8,-9.8,45,19.2,-25.8,-25.8,0,0,0,0,12,9.6,-2.4,12,318.5,192.22,-126.28
42930,206,212.06,6.06,67.08,55.5,51.7,-3.8,-13.6,45,63.6,18.6,-7.2,0,0,0,0,12,15.2,3.2,15.2,318.5,342.56,24.06
42931,206,182.66,-23.34,43.74,55.5,55,-0.5,-14.1,45,49.2,4.2,-3,0,0,0,0,12,8,-4,11.2,318.5,294.86,-23.64
42932,206,210.48,4.48,48.22,55.5,51.7,-3.8,-17.9,45,45.6,0.6,-2.4,0,0,0,0,12,16,4,15.2,318.5,323.78,5.28
42933,206,220.8,14.8,63.02,55.5,49.5,-6,-23.9,45,45.6,0.6,-1.8,0,0,0,0,12,7.2,-4.8,10.4,318.5,323.1,4.6
42934,206,211.3,5.3,68.32,55.5,63.8,8.3,-15.6,45,45.6,0.6,-1.2,0,0,0,0,12,16,4,14.4,318.5,336.7,18.2
42935,206,218.28,12.28,80.6,55.5,66,10.5,-5.1,45,45.6,0.6,-0.6,0,0,0,0,12,8,-4,10.4,318.5,337.88,19.38
42936,206,235.38,29.38,109.98,55.5,59.4,3.9,-1.2,45,51.6,6.6,6,0,0,0,0,12,12,0,10.4,318.5,358.38,39.88
42937,206,181.1,-24.9,85.08,55.5,55,-0.5,-1.7,45,44.4,-0.6,5.4,0,0,0,0,12,19.2,7.2,17.6,318.5,299.7,-18.8
42938,206,212.2,6.2,91.28,55.5,53.9,-1.6,-3.3,45,42,-3,2.4,0,0,0,0,12,8.8,-3.2,14.4,318.5,316.9,-1.6
42939,206,217.52,11.52,102.8,55.5,39.6,-15.9,-19.2,45,31.2,-13.8,-11.4,0,0,0,0,12,12.8,0.8,15.2,318.5,301.12,-17.38
42940,206,198.96,-7.04,95.76,55.5,69.3,13.8,-5.4,45,36,-9,-20.4,0,0,0,0,12,12.8,0.8,16,318.5,317.06,-1.44
42941,206,206.2,0.2,95.96,55.5,63.8,8.3,2.9,45,34.8,-10.2,-30.6,0,0,0,0,12,5.6,-6.4,9.6,318.5,310.4,-8.1
42942,206,209.44,3.44,99.4,55.5,62.9,7.4,10.3,45,45.6,0.6,-30,0,0,0,0,12,20,8,17.6,318.5,337.94,19.44
42943,206,219.96,13.96,113.36,55.5,47.3,-8.2,2.1,45,45.6,0.6,-29.4,0,0,0,0,12,9.6,-2.4,15.2,318.5,322.46,3.96
42944,206,206.32,0.32,113.68,55.5,69.4,13.9,16,45,52.8,7.8,-21.6,0,0,0,0,12,12,0,15.2,318.5,340.52,22.02
42945,206,188.16,-17.84,95.84,55.5,56.1,0.6,16.6,45,40.8,-4.2,-25.8,0,0,0,0,12,12,0,15.2,318.5,297.06,-21.44
42946,206,199.06,-6.94,88.9,55.5,45.1,-10.4,6.2,45,49.2,4.2,-21.6,0,0,0,0,12,10.4,-1.6,13.6,318.5,303.76,-14.74
42947,206,130.48,-75.52,13.38,55.5,31.9,-23.6,-17.4,45,27.6,-17.4,-39,0,0,0,0,12,12,0,13.6,318.5,201.98,-116.52
42948,206,267.22,61.22,74.6,55.5,52.8,-2.7,-20.1,45,61.2,16.2,-22.8,0,0,0,0,12,16.8,4.8,18.4,318.5,398.02,79.52
42949,206,221.58,15.58,90.18,55.5,52,-3.5,-23.6,45,30,-15,-37.8,0,0,0,0,12,18.4,6.4,24.8,318.5,321.98,3.48
42950,206,208.4,2.4,92.58,55.5,55,-0.5,-24.1,45,51.6,6.6,-31.2,0,0,0,0,12,16,4,28.8,318.5,331,12.5
42951,206,203.86,-2.14,90.44,55.5,70.4,14.9,-9.2,45,44.4,-0.6,-31.8,0,0,0,0,12,16.8,4.8,33.6,318.5,335.46,16.96
42952,206,220.72,14.72,105.16,55.5,48.4,-7.1,-16.3,45,58.8,13.8,-18,0,0,0,0,12,11.2,-0.8,32.8,318.5,339.12,20.62
42953,206,142.62,-63.38,41.78,55.5,72.6,17.1,0.8,45,28.8,-16.2,-34.2,0,0,0,0,12,16.8,4.8,37.6,318.5,260.82,-57.68
42954,0,0,0,41.78,0,0,0,0.8,0,0,0,-34.2,0,0,0,0,0,0,0,37.6,0,0,0
42955,0,0,0,41.78,0,0,0,0.8,0,0,0,-34.2,0,0,0,0,0,0,0,37.6,0,0,0
42956,0,0,0,41.78,0,0,0,0.8,0,0,0,-34.2,0,0,0,0,0,0,0,37.6,0,0,0
42957,0,0,0,41.78,0,0,0,0.8,0,0,0,-34.2,0,0,0,0,0,0,0,37.6,0,0,0
42958,0,0,0,41.78,0,0,0,0.8,0,0,0,-34.2,0,0,0,0,0,0,0,37.6,0,0,0
42959,0,0,0,41.78,0,0,0,0.8,0,0,0,-34.2,0,0,0,0,0,0,0,37.6,0,0,0
42960,0,0,0,41.78,0,0,0,0.8,0,0,0,-34.2,0,0,0,0,0,0,0,37.6,0,0,0
42961,0,0,0,41.78,0,0,0,0.8,0,0,0,-34.2,0,0,0,0,0,0,0,37.6,0,0,0
42962,0,0,0,41.78,0,0,0,0.8,0,0,0,-34.2,0,0,0,0,0,0,0,37.6,0,0,0
42963,0,0,0,41.78,0,0,0,0.8,0,0,0,-34.2,0,0,0,0,0,0,0,37.6,0,0,0
42964,0,0,0,41.78,0,0,0,0.8,0,0,0,-34.2,0,0,0,0,0,0,0,37.6,0,0,0
42965,0,0,0,41.78,0,0,0,0.8,0,0,0,-34.2,0,0,0,0,0,0,0,37.6,0,0,0
42966,0,0,0,41.78,0,0,0,0.8,0,0,0,-34.2,0,0,0,0,0,0,0,37.6,0,0,0
42967,0,0,0,41.78,0,0,0,0.8,0,0,0,-34.2,0,0,0,0,0,0,0,37.6,0,0,0
42968,0,0,0,41.78,0,-3.3,-3.3,-2.5,0,-2.4,-2.4,-36.6,0,0,0,0,0,-0.8,-0.8,36.8,0,-6.5,-6.5
42969,0,29.6,29.6,71.38,0,0,0,-2.5,0,3.6,3.6,-33,0,0,0,0,0,0,0,36.8,0,33.2,33.2
42970,0,37.88,37.88,109.26,0,0,0,-2.5,0,0,0,-33,0,0,0,0,0,-2.4,-2.4,34.4,0,35.48,35.48
42971,206,132.46,-73.54,35.72,55.5,1.1,-54.4,-56.9,45,0,-45,-78,0,0,0,0,0,0,0,34.4,306.5,133.56,-172.94
42972,206,105.22,-100.78,-65.06,55.5,0,-55.5,-112.4,45,0,-45,-123,0,0,0,0,0,4,4,38.4,306.5,109.22,-197.28
42973,206,133.2,-72.8,-137.86,55.5,14.3,-41.2,-153.6,45,9.6,-35.4,-158.4,14.4,0,-14.4,-14.4,0,0.8,0.8,39.2,320.9,157.9,-163
42974,206,173.44,-32.56,-170.42,55.5,75.9,20.4,-133.2,45,46.8,1.8,-156.6,14.4,0,-14.4,-28.8,0,0,0,39.2,320.9,296.14,-24.76
42975,206,185.5,-20.5,-190.92,55.5,67.1,11.6,-121.6,45,70.8,25.8,-130.8,14.4,0,-14.4,-43.2,0,-2.4,-2.4,36.8,320.9,321,0.1
42976,206,194.58,-11.42,-202.34,55.5,57.2,1.7,-119.9,45,60,15,-115.8,14.4,0,-14.4,-57.6,0,0,0,36.8,320.9,311.78,-9.12
42977,206,194.66,-11.34,-213.68,55.5,45.1,-10.4,-130.3,45,55.2,10.2,-105.6,14.4,0,-14.4,-72,0,0,0,36.8,320.9,294.96,-25.94
42978,206,113.54,-92.46,-306.14,55.5,39.6,-15.9,-146.2,45,28.8,-16.2,-121.8,14.4,0,-14.4,-86.4,0,0,0,36.8,320.9,181.94,-138.96
42979,206,226.82,20.82,-285.32,55.5,60.5,5,-141.2,52,69.6,17.6,-104.2,14.4,4.8,-9.6,-96,0,0,0,36.8,327.9,361.72,33.82
42980,206,81.38,-124.62,-409.94,55.5,73.7,18.2,-123,52,36,-16,-120.2,14.4,2.4,-12,-108,0,0,0,36.8,327.9,193.48,-134.42
42981,206,197.86,-8.14,-418.08,55.5,59.4,3.9,-119.1,52,54,2,-118.2,14.4,5.4,-9,-117,0,0,0,36.8,327.9,316.66,-11.24
42982,206,199.5,-6.5,-424.58,55.5,58.3,2.8,-116.3,52,49.2,-2.8,-121,14.4,7.8,-6.6,-123.6,0,0,0,36.8,327.9,314.8,-13.1
42983,206,207.02,1.02,-423.56,55.5,66.2,10.7,-105.6,52,46.8,-5.2,-126.2,14.4,12.6,-1.8,-125.4,0,0,0,36.8,327.9,332.62,4.72
42984,206,158.82,-47.18,-470.74,55.5,38.5,-17,-122.6,52,44.4,-7.6,-133.8,14.4,6.6,-7.8,-133.2,0,0,0,36.8,327.9,248.32,-79.58
42985,206,190.92,-15.08,-485.82,55.5,33,-22.5,-145.1,52,38.4,-13.6,-147.4,14.4,9.6,-4.8,-138,0,0,0,36.8,327.9,271.92,-55.98
42986,206,160.47,-45.53,-531.35,55.5,72.6,17.1,-128,52,50.4,-1.6,-149,14.4,9,-5.4,-143.4,0,0,0,36.8,327.9,292.47,-35.43
42987,206,155.684,-50.316,-581.666,55.5,50.6,-4.9,-132.9,52,48,-4,-153,14.4,1.8,-12.6,-156,0,0,0,36.8,327.9,256.084,-71.816
42988,206,254.864,48.864,-532.802,55.5,64.9,9.4,-123.5,52,67.2,15.2,-137.8,14.4,0,-14.4,-170.4,0,0,0,36.8,327.9,386.964,59.064
42989,206,190.28,-15.72,-548.522,55.5,55,-0.5,-124,52,50.4,-1.6,-139.4,14.4,30,15.6,-154.8,0,0,0,36.8,327.9,325.68,-2.22
42990,206,188.16,-17.84,-566.362,55.5,55,-0.5,-124.5,52,57.6,5.6,-133.8,14.4,0,-14.4,-169.2,0,0,0,36.8,327.9,300.76,-27.14
42991,206,212.662,6.662,-559.7,55.5,64.9,9.4,-115.1,52,60,8,-125.8,14.4,4.8,-9.6,-178.8,0,0,0,36.8,327.9,342.362,14.462
42992,206,207.98,1.98,-557.72,55.5,49.5,-6,-121.1,52,63.6,11.6,-114.2,14.4,10.2,-4.2,-183,0,0,0,36.8,327.9,331.28,3.38
42993,206,208.74,2.74,-554.98,55.5,56.1,0.6,-120.5,52,54,2,-112.2,14.4,7.8,-6.6,-189.6,0,0,0,36.8,327.9,326.64,-1.26
42994,206,188.7,-17.3,-572.28,55.5,70.4,14.9,-105.6,52,55.2,3.2,-109,14.4,13.8,-0.6,-190.2,0,0,0,36.8,327.9,328.1,0.2
42995,206,198.36,-7.64,-579.92,55.5,69.3,13.8,-91.8,52,51.6,-0.4,-109.4,14.4,12.6,-1.8,-192,0,0,0,36.8,327.9,331.86,3.96
42996,206,212.4,6.4,-573.52,55.5,41.8,-13.7,-105.5,52,57.6,5.6,-103.8,14.4,18.6,4.2,-187.8,0,0,0,36.8,327.9,330.4,2.5
42997,206,227.76,21.76,-551.76,55.5,69.3,13.8,-91.7,52,64.8,12.8,-91,14.4,12,-2.4,-190.2,0,0,0,36.8,327.9,373.86,45.96
42998,206,214.02,8.02,-543.74,55.5,74.8,19.3,-72.4,52,52.8,0.8,-90.2,14.4,8.4,-6,-196.2,0,0,0,36.8,327.9,350.02,22.12
42999,206,214.22,8.22,-535.52,55.5,62.7,7.2,-65.2,52,48,-4,-94.2,14.4,10.8,-3.6,-199.8,0,0,0,36.8,327.9,335.72,7.82
43000,206,210.1,4.1,-531.42,55.5,38.5,-17,-82.2,52,60,8,-86.2,14.4,37.2,22.8,-177,0,0,0,36.8,327.9,345.8,17.9
43001,206,154.2,-51.8,-583.22,55.5,24.2,-31.3,-113.5,52,45.6,-6.4,-92.6,14.4,9,-5.4,-182.4,0,0,0,36.8,327.9,233,-94.9
43002,206,205.32,-0.68,-583.9,55.5,47.3,-8.2,-121.7,52,75.6,23.6,-69,14.4,17.4,3,-179.4,0,0,0,36.8,327.9,345.62,17.72
43003,206,208.22,2.22,-581.68,55.5,74.8,19.3,-102.4,52,50.4,-1.6,-70.6,14.4,6.6,-7.8,-187.2,0,0,0,36.8,327.9,340.02,12.12
43004,206,155.14,-50.86,-632.54,55.5,70.4,14.9,-87.5,52,36,-16,-86.6,14.4,7.2,-7.2,-194.4,0,0,0,36.8,327.9,268.74,-59.16
43005,206,201.76,-4.24,-636.78,55.5,75.9,20.4,-67.1,52,78,26,-60.6,14.4,11.4,-3,-197.4,0,0,0,36.8,327.9,367.06,39.16
43006,206,207.44,1.44,-635.34,55.5,58.3,2.8,-64.3,52,60,8,-52.6,14.4,12,-2.4,-199.8,0,0,0,36.8,327.9,337.74,9.84
43007,206,203.42,-2.58,-637.92,55.5,61.6,6.1,-58.2,52,55.2,3.2,-49.4,14.4,12.6,-1.8,-201.6,0,0,0,36.8,327.9,332.82,4.92
43008,206,133.92,-72.08,-710,55.5,42.9,-12.6,-70.8,52,36,-16,-65.4,14.4,10.2,-4.2,-205.8,0,0,0,36.8,327.9,223.02,-104.88
43009,206,234.38,28.38,28.38,56.44,67.1,10.66,10.66,52,66,14,14,14.4,12,-2.4,-2.4,0,0,0,0,328.84,379.48,50.64
43010,206,211.66,5.66,34.04,56.44,45.1,-11.34,-0.68,52,61.2,9.2,23.2,14.4,7.2,-7.2,-9.6,0,0,0,0,328.84,325.16,-3.68
43011,206,204.66,-1.34,32.7,56.44,48.4,-8.04,-8.72,52,36,-16,7.2,14.4,18.6,4.2,-5.4,0,0,0,0,328.84,307.66,-21.18
43012,206,180.6,-25.4,7.3,56.44,63.8,7.36,-1.36,52,51.6,-0.4,6.8,14.4,13.2,-1.2,-6.6,0,0,0,0,328.84,309.2,-19.64
43013,206,205.64,-0.36,6.94,56.44,58.7,2.26,0.9,52,51.6,-0.4,6.4,14.4,13.2,-1.2,-7.8,0,0,0,0,328.84,329.14,0.3
43014,206,211.62,5.62,12.56,56.44,58.5,2.06,2.96,52,40.8,-11.2,-4.8,14.4,12.6,-1.8,-9.6,0,0,0,0,328.84,323.52,-5.32
43015,206,190.34,-15.66,-3.1,56.44,53.1,-3.34,-0.38,52,38.4,-13.6,-18.4,14.4,1.8,-12.6,-22.2,0,0,0,0,328.84,283.64,-45.2
43016,206,193.92,-12.08,-15.18,56.44,18,-38.44,-38.82,52,50.4,-1.6,-20,14.4,0,-14.4,-36.6,0,0,0,0,328.84,262.32,-66.52
43017,206,196.26,-9.74,-24.92,56.44,47.7,-8.74,-47.56,52,32.4,-19.6,-39.6,14.4,34.2,19.8,-16.8,0,0,0,0,328.84,310.56,-18.28
43018,206,219.8,13.8,-11.12,56.44,62.1,5.66,-41.9,52,12,-40,-79.6,14.4,13.2,-1.2,-18,0,0,0,0,328.84,307.1,-21.74
43019,206,191.14,-14.86,-25.98,56.44,53.1,-3.34,-45.24,52,42,-10,-89.6,14.4,15,0.6,-17.4,0,0,0,0,328.84,301.24,-27.6
43020,206,211.84,5.84,-20.14,56.44,52.2,-4.24,-49.48,52,55.2,3.2,-86.4,14.4,17.4,3,-14.4,0,0,0,0,328.84,336.64,7.8
43021,206,179.1,-26.9,-47.04,56.44,38.5,-17.94,-67.42,52,38.4,-13.6,-100,14.4,7.2,-7.2,-21.6,0,0,0,0,328.84,263.2,-65.64
43022,206,185.98,-20.02,-67.06,56.44,54,-2.44,-69.86,52,49.2,-2.8,-102.8,14.4,10.8,-3.6,-25.2,0,0,0,0,328.84,299.98,-28.86
43023,206,256.28,50.28,-16.78,56.44,82.8,26.36,-43.5,52,64.8,12.8,-90,14.4,0,-14.4,-39.6,0,0,0,0,328.84,403.88,75.04
43024,206,204.64,-1.36,-18.14,56.44,59.4,2.96,-40.54,52,44.4,-7.6,-97.6,14.4,36,21.6,-18,0,0,0,0,328.84,344.44,15.6
43025,206,227.72,21.72,3.58,56.44,45,-11.44,-51.98,52,67.2,15.2,-82.4,14.4,9,-5.4,-23.4,0,0,0,0,328.84,348.92,20.08
43026,206,175.96,-30.04,-26.46,56.44,54.9,-1.54,-53.52,52,54,2,-80.4,14.4,8.4,-6,-29.4,0,0,0,0,328.84,293.26,-35.58
43027,206,207.68,1.68,-24.78,56.44,62.1,5.66,-47.86,52,63.6,11.6,-68.8,14.4,12,-2.4,-31.8,0,0,0,0,328.84,345.38,16.54
43028,206,227.38,21.38,-3.4,56.44,54.9,-1.54,-49.4,52,73.2,21.2,-47.6,14.4,13.2,-1.2,-33,0,0,0,0,328.84,368.68,39.84
43029,206,164.06,-41.94,-45.34,56.44,43.2,-13.24,-62.64,52,56.4,4.4,-43.2,14.4,8.4,-6,-39,0,0,0,0,328.84,272.06,-56.78
43030,206,249.96,43.96,-1.38,56.44,68.4,11.96,-50.68,52,81.6,29.6,-13.6,14.4,15.6,1.2,-37.8,0,0,0,0,328.84,415.56,86.72
43031,206,204.56,-1.44,-2.82,56.44,64.1,7.66,-43.02,52,66,14,0.4,14.4,7.2,-7.2,-45,0,0,0,0,328.84,341.86,13.02
43032,206,196.4,-9.6,-12.42,56.44,49.1,-7.34,-50.36,52,56.4,4.4,4.8,14.4,10.8,-3.6,-48.6,0,0,0,0,328.84,312.7,-16.14
43033,206,201.92,-4.08,-16.5,56.44,55.9,-0.54,-50.9,52,76.8,24.8,29.6,14.4,10.2,-4.2,-52.8,0,0,0,0,328.84,344.82,15.98
43034,206,205.46,-0.54,-17.04,56.44,61.6,5.16,-45.74,52,40.8,-11.2,18.4,14.4,9.6,-4.8,-57.6,0,0,0,0,328.84,317.46,-11.38
43035,206,209.94,3.94,-13.1,56.44,29.9,-26.54,-72.28,52,27.6,-24.4,-6,14.4,13.8,-0.6,-58.2,0,0,0,0,328.84,281.24,-47.6
43036,206,149.06,-56.94,-70.04,56.44,23.1,-33.34,-105.62,52,38.4,-13.6,-19.6,14.4,9.6,-4.8,-63,0,0,0,0,328.84,220.16,-108.68
43037,206,199.42,-6.58,-76.62,56.44,62.7,6.26,-99.36,52,48,-4,-23.6,14.4,11.4,-3,-66,0,0,0,0,328.84,321.52,-7.32
43038,206,184.2,-21.8,-98.42,56.44,31.9,-24.54,-123.9,52,50.4,-1.6,-25.2,14.4,11.4,-3,-69,0,0,0,0,328.84,277.9,-50.94
43039,206,163.82,-42.18,-140.6,56.44,29.7,-26.74,-150.64,52,30,-22,-47.2,14.4,13.8,-0.6,-69.6,0,0,0,0,328.84,237.32,-91.52
43040,206,222.08,16.08,-124.52,56.44,59.4,2.96,-147.68,52,66,14,-33.2,14.4,7.8,-6.6,-76.2,0,0,0,0,328.84,355.28,26.44
43041,206,212.92,6.92,-117.6,56.44,57.2,0.76,-146.92,52,16.8,-35.2,-68.4,14.4,22.2,7.8,-68.4,0,0,0,0,328.84,309.12,-19.72
43042,206,197.98,-8.02,-125.62,56.44,55.5,-0.94,-147.86,52,61.2,9.2,-59.2,14.4,7.2,-7.2,-75.6,0,0,0,0,328.84,321.88,-6.96
43043,206,210.78,4.78,-120.84,56.44,59.4,2.96,-144.9,52,60,8,-51.2,14.4,0,-14.4,-90,0,0,0,0,328.84,330.18,1.34
43044,206,210.08,4.08,-116.76,56.44,63.8,7.36,-137.54,52,62.4,10.4,-40.8,14.4,34.8,20.4,-69.6,0,0,0,0,328.84,371.08,42.24
43045,206,165.42,-40.58,-157.34,56.44,53.9,-2.54,-140.08,52,38.4,-13.6,-54.4,14.4,15,0.6,-69,0,0,0,0,328.84,272.72,-56.12
43046,206,207.42,1.42,-155.92,56.44,41.8,-14.64,-154.72,52,26.4,-25.6,-80,14.4,16.2,1.8,-67.2,0,0,0,0,328.84,291.82,-37.02
43047,206,229.58,23.58,-132.34,56.44,41.8,-14.64,-169.36,52,93.6,41.6,-38.4,14.4,12,-2.4,-69.6,0,0,0,0,328.84,376.98,48.14
43048,206,219.26,13.26,-119.08,56.44,71.5,15.06,-154.3,52,60,8,-30.4,14.4,18.6,4.2,-65.4,0,0,0,0,328.84,369.36,40.52
43049,206,217.04,11.04,-108.04,56.44,55,-1.44,-155.74,52,55.2,3.2,-27.2,14.4,12.6,-1.8,-67.2,0,0,0,0,328.84,339.84,11
43050,206,184.82,-21.18,-129.22,56.44,44,-12.44,-168.18,52,48,-4,-31.2,14.4,6.6,-7.8,-75,0,0,0,0,328.84,283.42,-45.42
43051,206,207.34,1.34,-127.88,56.44,60.5,4.06,-164.12,52,6,-46,-77.2,14.4,0,-14.4,-89.4,0,0,0,0,328.84,273.84,-55
43052,206,202.44,-3.56,-131.44,56.44,63.8,7.36,-156.76,52,117.6,65.6,-11.6,14.4,31.2,16.8,-72.6,0,0,0,0,328.84,415.04,86.2
43053,217.4,235.8,18.4,-113.04,56.44,24.2,-32.24,-189,52,63.6,11.6,1.94689E-12,0,4.8,4.8,-67.8,0,0,0,0,325.84,328.4,2.56
43054,217.4,212.18,-5.22,-118.26,56.44,37.4,-19.04,-208.04,52,36,-16,-16,0,3.6,3.6,-64.2,0,0,0,0,325.84,289.18,-36.66
43055,217.4,222.52,5.12,-113.14,56.44,45.1,-11.34,-219.38,52,44.4,-7.6,-23.6,0,6,6,-58.2,0,0,0,0,325.84,318.02,-7.82
43056,217.4,210.96,-6.44,-119.58,56.44,63.8,7.36,-212.02,52,50.4,-1.6,-25.2,0,4.8,4.8,-53.4,0,0,0,0,325.84,329.96,4.12
43057,217.4,232.42,15.02,-104.56,56.44,58.3,1.86,-210.16,52,52.8,0.8,-24.4,0,3.6,3.6,-49.8,0,0,0,0,325.84,347.12,21.28
43058,217.4,227.14,9.74,-94.82,56.44,53.9,-2.54,-212.7,60,55.2,-4.8,-29.2,0,2.4,2.4,-47.4,0,0,0,0,333.84,338.64,4.8
43059,217.4,218.26,0.86,-93.96,56.44,56.1,-0.34,-213.04,60,50.4,-9.6,-38.8,0,3.6,3.6,-43.8,0,0,0,0,333.84,328.36,-5.48
43060,217.4,210.76,-6.64,-100.6,56.44,56.1,-0.34,-213.38,60,44.4,-15.6,-54.4,0,0.6,0.6,-43.2,0,0,0,0,333.84,311.86,-21.98
43061,217.4,230.74,13.34,-87.26,56.44,74.8,18.36,-195.02,60,63.6,3.6,-50.8,0,2.4,2.4,-40.8,0,0,0,0,333.84,371.54,37.7
43062,217.4,205.7,-11.7,-98.96,56.44,81.4,24.96,-170.06,60,61.2,1.2,-49.6,0,0,0,-40.8,0,0,0,0,333.84,348.3,14.46
43063,217.4,223.16,5.76,-93.2,56.44,73.7,17.26,-152.8,60,50.4,-9.6,-59.2,0,0,0,-40.8,0,0,0,0,333.84,347.26,13.42
43064,217.4,224.4,7,-86.2,56.44,82.5,26.06,-126.74,60,45.6,-14.4,-73.6,0,0,0,-40.8,0,0,0,0,333.84,352.5,18.66
43065,217.4,213.14,-4.26,-90.46,56.44,68.2,11.76,-114.98,60,66,6,-67.6,0,0,0,-40.8,0,0,0,0,333.84,347.34,13.5
43066,217.4,237.98,20.58,-69.88,56.44,79.2,22.76,-92.22,60,68.4,8.4,-59.2,0,-3.6,-3.6,-44.4,0,0,0,0,333.84,381.98,48.14
43067,217.4,233.92,16.52,-53.36,56.44,60.5,4.06,-88.16,60,57.6,-2.4,-61.6,0,0,0,-44.4,0,0,0,0,333.84,352.02,18.18
43068,217.4,205.02,-12.38,-65.74,56.44,36.3,-20.14,-108.3,60,56.4,-3.6,-65.2,0,0,0,-44.4,0,0,0,0,333.84,297.72,-36.12
43069,217.4,150.22,-67.18,-132.92,56.44,59.4,2.96,-105.34,60,43.2,-16.8,-82,0,0,0,-44.4,0,0,0,0,333.84,252.82,-81.02
43070,217.4,305.88,88.48,-44.44,56.44,117.7,61.26,-44.08,60,85.2,25.2,-56.8,0,0,0,-44.4,0,0,0,0,333.84,508.78,174.94
43071,217.4,239.58,22.18,-22.26,56.44,67.1,10.66,-33.42,60,66,6,-50.8,0,0,0,-44.4,0,0,0,0,333.84,372.68,38.84
43072,217.4,213.9,-3.5,-25.76,56.44,55,-1.44,-34.86,60,55.2,-4.8,-55.6,0,0,0,-44.4,0,0,0,0,333.84,324.1,-9.74
43073,217.4,200.92,-16.48,-42.24,56.44,40.7,-15.74,-50.6,60,52.8,-7.2,-62.8,0,0,0,-44.4,0,0,0,0,333.84,294.42,-39.42
43074,217.4,230.36,12.96,-29.28,56.44,70.4,13.96,-36.64,60,44.4,-15.6,-78.4,0,0,0,-44.4,0,0,0,0,333.84,345.16,11.32
43075,217.4,219.9,2.5,-26.78,56.44,64.9,8.46,-28.18,60,62.4,2.4,-76,0,0,0,-44.4,0,0,0,0,333.84,347.2,13.36
43076,217.4,225.86,8.46,-18.32,56.44,64.9,8.46,-19.72,60,48,-12,-88,0,0,0,-44.4,0,0,0,0,333.84,338.76,4.92
43077,217.4,190.36,-27.04,-45.36,56.44,62.7,6.26,-13.46,60,55.2,-4.8,-92.8,0,0,0,-44.4,0,0,0,0,333.84,308.26,-25.58
43078,217.4,219.42,2.02,-43.34,56.44,72.6,16.16,2.7,60,54,-6,-98.8,0,0,0,-44.4,0,0,0,0,333.84,346.02,12.18
43079,217.4,237.68,20.28,-23.06,56.44,75.9,19.46,22.16,60,61.2,1.2,-97.6,0,0,0,-44.4,0,0,0,0,333.84,374.78,40.94
43080,217.4,0,,,56.44,0,,,60,0,,,0,0,,,0,0,0,0,333.84,0,0
43081,217.4,0,,,56.44,0,,,60,0,,,0,0,,,0,0,0,0,333.84,0,0
43082,217.4,0,,,56.44,0,,,60,0,,,0,0,,,0,0,0,0,333.84,0,0
43083,217.4,0,,,56.44,0,,,60,0,,,0,0,,,0,0,0,0,333.84,0,0
43084,217.4,0,,,56.44,0,,,60,0,,,0,0,,,0,0,0,0,333.84,0,0
43085,217.4,0,,,56.44,0,,,60,0,,,0,0,,,0,0,0,0,333.84,0,0
43086,217.4,0,,,56.44,0,,,60,0,,,0,0,,,0,0,0,0,333.84,0,0
43087,217.4,0,,,56.44,0,,,60,0,,,0,0,,,0,0,0,0,333.84,0,0
43088,217.4,0,,,56.44,0,,,60,0,,,0,0,,,0,0,0,0,333.84,0,0
43089,217.4,0,,,56.44,0,,,60,0,,,0,0,,,0,0,0,0,333.84,0,0
43090,217.4,0,,,56.44,0,,,60,0,,,0,0,,,0,0,0,0,333.84,0,0
43091,217.4,0,,,56.44,0,,,60,0,,,0,0,,,0,0,0,0,333.84,0,0
43092,0,0,,,0,0,,,0,0,,,0,0,,,,0,,,0,0,0
43093,0,0,,,0,0,,,0,0,,,0,0,,,,0,,,0,0,0
43094,0,0,,,0,0,,,0,0,,,0,0,,,,0,,,0,0,0
43095,0,0,,,0,0,,,0,0,,,0,0,,,,0,,,0,0,0
43096,0,0,,,0,0,,,0,0,,,0,0,,,,0,,,0,0,0
43097,0,0,,,0,0,,,0,0,,,0,0,,,,0,,,0,0,0
43098,0,0,,,0,0,,,0,0,,,0,0,,,,0,,,0,0,0
43099,0,0,,,0,0,,,0,0,,,0,0,,,,0,,,0,0,0
43100,0,0,,,0,0,,,0,0,,,0,0,,,,0,,,0,0,0
43101,0,0,,,0,0,,,0,0,,,0,0,,,,0,,,0,0,0
